monthdate,report_code,avgTone,numreport
201502.0,AS,-0.903874384,47119
201502.0,BX,-0.096246394,159
201502.0,CA,-0.603356706,28339
201502.0,CH,-0.611844599,53086
201502.0,CI,-0.394254675,8894
201502.0,HK,-1.239676224,4054
201502.0,ID,-1.187163082,19459
201502.0,JA,-0.516139368,33850
201502.0,KS,-1.276162971,10280
201502.0,MX,-0.863088981,24055
201502.0,MY,-0.265507356,6592
201502.0,NZ,-0.316133719,8133
201502.0,PE,-0.479259726,5126
201502.0,PP,-0.683259536,2500
201502.0,RP,-1.042557899,10785
201502.0,RS,-2.688808034,56939
201502.0,SN,0.322848899,3551
201502.0,TH,-2.426925223,6824
201502.0,TW,-0.027585438,6492
201502.0,US,-1.067430861,126945
201502.0,VM,-0.648659209,4699
201503.0,AS,-1.063214987,65611
201503.0,BX,0.068005723,522
201503.0,CA,-0.42030363,74781
201503.0,CH,-0.601486781,193836
201503.0,CI,-0.960231393,51203
201503.0,HK,-0.34084053,8132
201503.0,ID,-2.605083002,32333
201503.0,JA,-0.471948365,135143
201503.0,KS,-0.656633697,44764
201503.0,MX,-0.494995157,86512
201503.0,MY,-1.638200954,38742
201503.0,NZ,-0.886086356,29090
201503.0,PE,-1.030670111,17455
201503.0,PP,-1.933108852,2605
201503.0,RP,-1.669619458,18444
201503.0,RS,-2.023264447,393927
201503.0,SN,-0.426411171,13976
201503.0,TH,-0.935099256,34416
201503.0,TW,0.04736479,30414
201503.0,US,-1.091128174,397246
201503.0,VM,-0.505068047,20621
201504.0,AS,-1.204247914,50754
201504.0,BX,0.790584932,617
201504.0,CA,-0.372989782,69112
201504.0,CH,-0.762638436,163989
201504.0,CI,-1.387831044,45472
201504.0,HK,-0.25470027,5946
201504.0,ID,-3.293393258,38343
201504.0,JA,-0.353021017,131641
201504.0,KS,-1.169819025,43163
201504.0,MX,-0.902698055,64342
201504.0,MY,-1.886454405,23660
201504.0,NZ,-0.84582179,24627
201504.0,PE,-0.591028459,12585
201504.0,PP,-1.178985542,2441
201504.0,RP,-1.427051218,16919
201504.0,RS,-1.728647371,340016
201504.0,SN,0.066780998,9470
201504.0,TH,-0.995468367,33034
201504.0,TW,-0.217737873,22187
201504.0,US,-1.196912526,378830
201504.0,VM,-0.66318276,20856
201505.0,AS,-1.122467323,53241
201505.0,BX,-0.723638278,727
201505.0,CA,-0.421095351,61048
201505.0,CH,-0.837103434,164583
201505.0,CI,-0.590844738,40818
201505.0,HK,-0.408218029,5531
201505.0,ID,-2.84720299,25402
201505.0,JA,-0.627481827,116169
201505.0,KS,-0.700139504,40973
201505.0,MX,-1.602843846,75068
201505.0,MY,-3.206632249,35258
201505.0,NZ,-0.076534227,23244
201505.0,PE,-1.25287518,15056
201505.0,PP,-2.45728106,3218
201505.0,RP,-1.98333823,20301
201505.0,RS,-1.584785186,326437
201505.0,SN,-0.487750818,10409
201505.0,TH,-2.733023359,50285
201505.0,TW,-0.302986498,24210
201505.0,US,-1.319430753,380902
201505.0,VM,-0.533383792,22257
201506.0,AS,-1.134127823,49202
201506.0,BX,-0.556665771,652
201506.0,CA,-0.578457305,70835
201506.0,CH,-1.213331828,189561
201506.0,CI,-0.565610592,53188
201506.0,HK,-0.638710534,6126
201506.0,ID,-2.88631783,25215
201506.0,JA,-0.610736807,118345
201506.0,KS,-2.944172419,63065
201506.0,MX,-1.445308795,79188
201506.0,MY,-2.256782969,30238
201506.0,NZ,-0.290453947,21128
201506.0,PE,-0.577338333,16099
201506.0,PP,-1.429451899,2519
201506.0,RP,-1.193215558,11608
201506.0,RS,-1.84988895,331147
201506.0,SN,0.209264823,8250
201506.0,TH,-1.106266118,31870
201506.0,TW,-0.863840179,27372
201506.0,US,-1.193930004,384101
201506.0,VM,-0.573117263,17598
201507.0,AS,-1.087150328,66490
201507.0,BX,-0.114649002,1133
201507.0,CA,-0.218637121,87014
201507.0,CH,-0.99480286,243524
201507.0,CI,-0.186329412,54637
201507.0,HK,-0.365935756,9154
201507.0,ID,-2.183848804,25088
201507.0,JA,-0.539921619,164305
201507.0,KS,-0.639998791,57431
201507.0,MX,-1.513349219,115385
201507.0,MY,-2.276075459,45152
201507.0,NZ,-0.835957074,23471
201507.0,PE,-0.222702303,17493
201507.0,PP,-1.288473316,2688
201507.0,RP,-2.157495525,24463
201507.0,RS,-1.467399489,376293
201507.0,SN,0.321224549,10736
201507.0,TH,-1.292936855,45800
201507.0,TW,-0.420253977,41509
201507.0,US,-0.928683564,490159
201507.0,VM,-0.60167092,32529
201508.0,AS,-0.84497597,62841
201508.0,BX,1.126803657,880
201508.0,CA,-0.514612542,82604
201508.0,CH,-1.900178851,305548
201508.0,CI,-0.488325413,47550
201508.0,HK,-0.653821726,8980
201508.0,ID,-2.157071378,29774
201508.0,JA,-1.117039881,178759
201508.0,KS,-1.311967679,65738
201508.0,MX,-1.267279945,83150
201508.0,MY,-2.119132845,53812
201508.0,NZ,-0.293147861,24511
201508.0,PE,-0.956909862,17314
201508.0,PP,-1.762756739,3071
201508.0,RP,-1.721665523,15845
201508.0,RS,-1.72796945,333554
201508.0,SN,0.28479051,11079
201508.0,TH,-2.912203133,72342
201508.0,TW,-0.602751549,43362
201508.0,US,-1.203632901,468474
201508.0,VM,-0.683095322,28450
201509.0,AS,-0.693650214,58714
201509.0,BX,0.393514978,867
201509.0,CA,-0.061396226,78604
201509.0,CH,-0.868863295,260400
201509.0,CI,-1.075268883,61150
201509.0,HK,-0.205244084,8831
201509.0,ID,-1.856954037,21695
201509.0,JA,-0.656399682,164163
201509.0,KS,-0.278466755,51486
201509.0,MX,-1.575516584,86691
201509.0,MY,-1.727952743,27049
201509.0,NZ,-0.63421246,23134
201509.0,PE,-0.834831787,17912
201509.0,PP,-1.446644308,4462
201509.0,RP,-1.381842224,14666
201509.0,RS,-1.595732172,398228
201509.0,SN,0.247678197,13731
201509.0,TH,-1.725635136,50052
201509.0,TW,0.020666732,38696
201509.0,US,-0.771083903,465704
201509.0,VM,-0.385310516,27909
201510.0,AS,-0.842994465,55903
201510.0,BX,-0.247876311,1018
201510.0,CA,-0.344412457,83227
201510.0,CH,-0.665310978,228601
201510.0,CI,-0.146881475,58685
201510.0,HK,-0.696986349,9373
201510.0,ID,-2.245869381,24996
201510.0,JA,-0.005039392,153938
201510.0,KS,-0.089440952,53735
201510.0,MX,-1.549589195,90163
201510.0,MY,-1.749840188,29941
201510.0,NZ,-0.205889647,24605
201510.0,PE,-0.913006744,24465
201510.0,PP,-2.798133696,4084
201510.0,RP,-2.734027908,20631
201510.0,RS,-1.972302909,460749
201510.0,SN,0.017803947,11367
201510.0,TH,-0.463191145,37075
201510.0,TW,-0.021961506,38544
201510.0,US,-1.01213935,446800
201510.0,VM,-0.253037418,27101
201511.0,AS,-0.529320667,58407
201511.0,BX,0.400449347,893
201511.0,CA,-0.142141058,69597
201511.0,CH,-0.563773862,205524
201511.0,CI,-0.403711155,53380
201511.0,HK,0.065828445,8506
201511.0,ID,-2.175682331,21919
201511.0,JA,-0.210482457,135814
201511.0,KS,-0.190121089,53298
201511.0,MX,-0.898536318,75635
201511.0,MY,-0.857483782,29715
201511.0,NZ,-0.535702197,26827
201511.0,PE,-0.456159089,15297
201511.0,PP,-1.883962835,2998
201511.0,RP,-1.346894347,22465
201511.0,RS,-2.57100749,530544
201511.0,SN,0.390624011,10730
201511.0,TH,-0.458713384,36391
201511.0,TW,0.152617091,42062
201511.0,US,-0.994352339,398677
201511.0,VM,-0.177286853,30494
201512.0,AS,-0.932888438,52663
201512.0,BX,-0.989246119,1316
201512.0,CA,-0.272336604,65486
201512.0,CH,-0.753716908,230303
201512.0,CI,-0.281447864,41808
201512.0,HK,-0.106634795,9251
201512.0,ID,-2.685793612,22379
201512.0,JA,-0.280709545,141955
201512.0,KS,-0.087034467,61713
201512.0,MX,-1.062199018,66988
201512.0,MY,-1.162870451,21962
201512.0,NZ,-0.438746149,20864
201512.0,PE,-0.554278374,13958
201512.0,PP,-1.205636703,1790
201512.0,RP,-1.6678301,22453
201512.0,RS,-1.935047344,418933
201512.0,SN,0.274001766,9698
201512.0,TH,-1.32891954,44616
201512.0,TW,-0.024965734,35445
201512.0,US,-1.273903485,424329
201512.0,VM,-0.296393786,27777
201601.0,AS,-0.625615159,57210
201601.0,BX,0.269487582,859
201601.0,CA,-0.570987129,75041
201601.0,CH,-0.92341149,257568
201601.0,CI,-0.412040307,46274
201601.0,HK,-1.114509554,10474
201601.0,ID,-4.550180309,34390
201601.0,JA,-0.522706263,145959
201601.0,KS,-0.565852043,61730
201601.0,MX,-1.520160593,96911
201601.0,MY,-2.000341325,23754
201601.0,NZ,-0.314029794,19385
201601.0,PE,-1.307259547,15875
201601.0,PP,-2.441554789,2602
201601.0,RP,-0.906593014,14178
201601.0,RS,-1.964692649,361896
201601.0,SN,-0.300049824,9786
201601.0,TH,-0.702768926,41942
201601.0,TW,-0.362947979,44910
201601.0,US,-0.984544507,450647
201601.0,VM,-0.576605178,29960
201602.0,AS,-0.951453381,56631
201602.0,BX,0.639184933,1237
201602.0,CA,0.126959855,74015
201602.0,CH,-0.677844929,208678
201602.0,CI,-0.251111112,44619
201602.0,HK,-1.488821805,8443
201602.0,ID,-2.094787963,23601
201602.0,JA,-0.517889577,150089
201602.0,KS,-0.65889655,59215
201602.0,MX,-1.35567722,103119
201602.0,MY,-1.331788261,21958
201602.0,NZ,-0.746173539,22529
201602.0,PE,-0.723828353,16177
201602.0,PP,-2.445544187,3252
201602.0,RP,-1.287471074,15950
201602.0,RS,-2.164231529,431724
201602.0,SN,0.049154277,9955
201602.0,TH,-0.842822868,40498
201602.0,TW,-1.345793688,45992
201602.0,US,-0.795555792,467840
201602.0,VM,-0.364551314,24812
201603.0,AS,-0.623347411,64529
201603.0,BX,0.51911594,964
201603.0,CA,-0.234013852,80432
201603.0,CH,-0.651343775,222929
201603.0,CI,-0.294258027,47304
201603.0,HK,-0.059197653,9142
201603.0,ID,-2.013609601,26938
201603.0,JA,-0.474418021,165359
201603.0,KS,-0.778549956,69953
201603.0,MX,-1.101515433,87546
201603.0,MY,-1.682887105,36209
201603.0,NZ,-0.231421532,22562
201603.0,PE,-1.130382783,22438
201603.0,PP,-1.692966116,3379
201603.0,RP,-1.63293371,19093
201603.0,RS,-1.922626641,434144
201603.0,SN,0.121009419,10681
201603.0,TH,-0.558103495,43798
201603.0,TW,-0.078097341,39552
201603.0,US,-0.833120894,527174
201603.0,VM,-0.415428734,30050
201604.0,AS,-0.665774991,57064
201604.0,BX,-0.089256531,863
201604.0,CA,-0.169818963,78974
201604.0,CH,-0.495223361,218760
201604.0,CI,-0.73602984,49373
201604.0,HK,-0.301964341,9589
201604.0,ID,-2.115773044,20139
201604.0,JA,-0.872690538,182842
201604.0,KS,-0.458700489,61208
201604.0,MX,-1.410909573,92163
201604.0,MY,-1.618234479,24463
201604.0,NZ,-0.437250091,19098
201604.0,PE,-1.364762714,28359
201604.0,PP,-3.267225705,6441
201604.0,RP,-2.61488188,21697
201604.0,RS,-1.79164941,407032
201604.0,SN,0.367955248,10420
201604.0,TH,-0.710534894,44183
201604.0,TW,-0.410429641,38232
201604.0,US,-0.699708738,469226
201604.0,VM,-0.556310536,28360
201605.0,AS,-0.919014367,78500
201605.0,BX,-0.526739936,1259
201605.0,CA,-0.60405328,128770
201605.0,CH,-0.376968087,242279
201605.0,CI,-0.933017156,58430
201605.0,HK,-0.317174182,11433
201605.0,ID,-2.757090975,25725
201605.0,JA,-0.638005627,190760
201605.0,KS,-0.055831894,60754
201605.0,MX,-0.901957297,103368
201605.0,MY,-1.556007653,28670
201605.0,NZ,-0.079545677,22066
201605.0,PE,-1.018388253,21571
201605.0,PP,-2.541355914,4569
201605.0,RP,-2.480720758,31405
201605.0,RS,-1.512306103,427710
201605.0,SN,-0.203563886,11677
201605.0,TH,-0.591230128,55120
201605.0,TW,-0.198485145,47963
201605.0,US,-0.769672535,505321
201605.0,VM,-0.56295384,45274
201606.0,AS,-0.836293141,63593
201606.0,BX,-0.34920351,1046
201606.0,CA,-0.107712219,99949
201606.0,CH,-0.603191693,241197
201606.0,CI,-0.422708882,80018
201606.0,HK,-0.628835504,11966
201606.0,ID,-2.277549252,25702
201606.0,JA,-0.778894198,173304
201606.0,KS,-0.153110302,58328
201606.0,MX,-1.328746239,111232
201606.0,MY,-2.025780688,25996
201606.0,NZ,-0.160319267,19954
201606.0,PE,-0.766403303,36456
201606.0,PP,-3.953458053,4585
201606.0,RP,-2.433969508,25804
201606.0,RS,-1.647887097,470110
201606.0,SN,-0.29826439,12260
201606.0,TH,-0.612240952,50404
201606.0,TW,-0.214054394,43872
201606.0,US,-1.337112194,576209
201606.0,VM,-0.372550778,38501
201607.0,AS,-0.560104267,73814
201607.0,BX,-0.709708562,2006
201607.0,CA,-0.135779004,90946
201607.0,CH,-0.859802258,233744
201607.0,CI,-0.436331063,56496
201607.0,HK,-0.847012839,11850
201607.0,ID,-2.490323056,21012
201607.0,JA,-0.728477073,189143
201607.0,KS,-0.276574392,61317
201607.0,MX,-1.024014857,91914
201607.0,MY,-1.673883735,28542
201607.0,NZ,-0.392115019,26138
201607.0,PE,-0.906056571,23088
201607.0,PP,-1.015535412,2618
201607.0,RP,-2.02709867,29587
201607.0,RS,-1.646377478,461234
201607.0,SN,-0.299676809,10528
201607.0,TH,-0.369554749,48168
201607.0,TW,-0.868612985,52145
201607.0,US,-1.342408215,559541
201607.0,VM,-0.512342363,33301
201608.0,AS,-0.721868741,81546
201608.0,BX,-0.068879939,1105
201608.0,CA,-0.350425045,107467
201608.0,CH,-0.406637608,249900
201608.0,CI,-0.204702727,54625
201608.0,HK,-0.732954244,12463
201608.0,ID,-2.085291874,26787
201608.0,JA,-0.321039288,227892
201608.0,KS,-0.467551667,68286
201608.0,MX,-1.464258437,115116
201608.0,MY,-1.485890474,28396
201608.0,NZ,-0.168710145,29213
201608.0,PE,-1.334626395,25030
201608.0,PP,-3.288037602,4651
201608.0,RP,-3.133287162,33125
201608.0,RS,-1.578804301,539650
201608.0,SN,-0.087062834,14955
201608.0,TH,-1.679143154,73076
201608.0,TW,-0.173511596,43659
201608.0,US,-1.09273988,538902
201608.0,VM,-0.477003,34066
201609.0,AS,-0.7145857,64715
201609.0,BX,-0.614020725,1233
201609.0,CA,0.196944576,110263
201609.0,CH,-0.49011815,240394
201609.0,CI,-0.260061929,56003
201609.0,HK,-0.164382639,13054
201609.0,ID,-2.340155391,27180
201609.0,JA,-0.220998431,182416
201609.0,KS,-0.867238439,82019
201609.0,MX,-1.03668721,123680
201609.0,MY,-1.546933557,30189
201609.0,NZ,-0.456068252,22745
201609.0,PE,-1.011255997,24630
201609.0,PP,-1.321205393,2905
201609.0,RP,-3.717772791,36997
201609.0,RS,-1.794754853,556916
201609.0,SN,-0.366889758,15896
201609.0,TH,-0.576185391,52599
201609.0,TW,-0.447381218,47473
201609.0,US,-1.390268407,588386
201609.0,VM,-0.663040953,36146
201610.0,AS,-0.8598907,66846
201610.0,BX,-0.11819086,1328
201610.0,CA,0.061301532,100589
201610.0,CH,-0.370267991,226498
201610.0,CI,-0.322026678,53024
201610.0,HK,-0.48601998,10101
201610.0,ID,-2.831051179,23646
201610.0,JA,-0.111029412,174802
201610.0,KS,-0.817558308,82065
201610.0,MX,-1.075386898,105269
201610.0,MY,-1.127142411,36672
201610.0,NZ,-0.229267399,22854
201610.0,PE,-1.119771627,24665
201610.0,PP,-1.803193303,2856
201610.0,RP,-2.599960977,34295
201610.0,RS,-1.962284937,592222
201610.0,SN,-0.004895493,14064
201610.0,TH,-0.751817274,69925
201610.0,TW,0.045871627,41162
201610.0,US,-1.229338485,582474
201610.0,VM,-0.486897718,32302
201611.0,AS,-0.736514743,68211
201611.0,BX,0.000095105,983
201611.0,CA,0.14050552,101675
201611.0,CH,-0.510612637,237888
201611.0,CI,-0.231418431,64467
201611.0,HK,-0.152625599,11386
201611.0,ID,-2.868830387,28458
201611.0,JA,-0.340771065,186544
201611.0,KS,-1.573728094,88917
201611.0,MX,-0.810143941,129061
201611.0,MY,-1.293096103,29331
201611.0,NZ,-1.404912146,38230
201611.0,PE,-0.507110088,37534
201611.0,PP,-2.580094036,4419
201611.0,RP,-2.149293327,25911
201611.0,RS,-1.461444254,526282
201611.0,SN,0.259193311,11415
201611.0,TH,-0.394771454,46894
201611.0,TW,0.179671024,40585
201611.0,US,-0.761865164,693460
201611.0,VM,-0.28165129,35088
201612.0,AS,-0.603242588,64316
201612.0,BX,-0.365043471,1302
201612.0,CA,-0.027592757,87089
201612.0,CH,-0.693961774,228291
201612.0,CI,-0.420269158,54600
201612.0,HK,-0.322826845,9959
201612.0,ID,-3.512851751,38565
201612.0,JA,-0.293398796,174468
201612.0,KS,-1.28935516,83644
201612.0,MX,-1.04666299,101339
201612.0,MY,-1.105324446,27879
201612.0,NZ,-0.141112575,28336
201612.0,PE,-1.070781148,20380
201612.0,PP,-2.814138271,4257
201612.0,RP,-3.116417295,35481
201612.0,RS,-2.140890057,678068
201612.0,SN,0.001185622,10089
201612.0,TH,-0.414863034,52279
201612.0,TW,-0.4558621,58346
201612.0,US,-0.715068584,478687
201612.0,VM,-0.366313091,28510
201701.0,AS,-0.652115463,72722
201701.0,BX,-0.185236565,904
201701.0,CA,-0.834846179,93350
201701.0,CH,-0.332556163,237424
201701.0,CI,-0.803394688,61173
201701.0,HK,-0.566925738,10417
201701.0,ID,-2.109631993,27527
201701.0,JA,-0.141735302,160484
201701.0,KS,-1.246465307,81918
201701.0,MX,-1.38897311,179841
201701.0,MY,-1.390804476,33357
201701.0,NZ,-0.446099203,22924
201701.0,PE,-1.218960618,19996
201701.0,PP,-3.371121125,3756
201701.0,RP,-2.373005386,27686
201701.0,RS,-1.819844698,592293
201701.0,SN,0.436696318,9904
201701.0,TH,-0.771132227,45832
201701.0,TW,0.027385235,42706
201701.0,US,-0.878441235,597057
201701.0,VM,-0.45869867,29294
201702.0,AS,-0.784673052,68471
201702.0,BX,-0.006792771,1084
201702.0,CA,-0.170888169,87560
201702.0,CH,-0.480909794,193545
201702.0,CI,-0.63368796,53509
201702.0,HK,-0.550328392,8747
201702.0,ID,-2.564884927,31972
201702.0,JA,-0.298837131,162917
201702.0,KS,-1.057161138,73489
201702.0,MX,-1.219997674,130125
201702.0,MY,-3.535417271,56802
201702.0,NZ,-0.565879136,30303
201702.0,PE,-1.895672266,25806
201702.0,PP,-2.528676477,3789
201702.0,RP,-3.735047776,30366
201702.0,RS,-1.792103205,517751
201702.0,SN,0.396465873,12195
201702.0,TH,-0.659619198,44528
201702.0,TW,-0.519032913,38163
201702.0,US,-0.953119745,526989
201702.0,VM,-0.518754605,26566
201703.0,AS,-0.869464811,83446
201703.0,BX,0.344717427,988
201703.0,CA,-0.26007347,96524
201703.0,CH,-0.599938604,238688
201703.0,CI,-0.722587215,69955
201703.0,HK,-0.385389164,11260
201703.0,ID,-1.928930253,30975
201703.0,JA,-0.412257828,177368
201703.0,KS,-1.865763346,108390
201703.0,MX,-1.221033599,118965
201703.0,MY,-2.673103528,45896
201703.0,NZ,-0.161717358,25140
201703.0,PE,-2.128298912,33205
201703.0,PP,-1.600808584,2530
201703.0,RP,-2.840729042,21163
201703.0,RS,-1.691362962,587742
201703.0,SN,-0.227430438,12773
201703.0,TH,-0.509829725,53093
201703.0,TW,0.083151385,40992
201703.0,US,-0.961113205,568898
201703.0,VM,-0.387358287,33473
201704.0,AS,-0.873112344,62421
201704.0,BX,0.259207485,655
201704.0,CA,-0.044753568,80942
201704.0,CH,-0.348373065,220529
201704.0,CI,-0.653317692,56607
201704.0,HK,-0.077450769,7906
201704.0,ID,-1.727868047,22931
201704.0,JA,-0.211299032,147536
201704.0,KS,-0.991764344,89908
201704.0,MX,-1.113457851,95600
201704.0,MY,-1.019124844,20257
201704.0,NZ,-0.585378232,18997
201704.0,PE,-1.413880497,20697
201704.0,PP,-2.764712473,3112
201704.0,RP,-2.181200484,28342
201704.0,RS,-2.712444506,614067
201704.0,SN,-0.339983151,9707
201704.0,TH,-0.648627698,42669
201704.0,TW,0.006710517,33830
201704.0,US,-1.007601179,482010
201704.0,VM,-0.39721648,28671
201705.0,AS,-0.590899903,68666
201705.0,BX,-0.277480369,1022
201705.0,CA,-0.036620496,86578
201705.0,CH,-0.358554826,210600
201705.0,CI,-0.237950194,51553
201705.0,HK,-0.161462773,7731
201705.0,ID,-2.886372616,31993
201705.0,JA,-0.020826024,140794
201705.0,KS,-0.79702346,88530
201705.0,MX,-1.062131403,96137
201705.0,MY,-0.873684023,21592
201705.0,NZ,-0.063221976,20822
201705.0,PE,-0.850739244,21396
201705.0,PP,-2.571813205,2656
201705.0,RP,-3.063623484,30172
201705.0,RS,-1.774116548,636864
201705.0,SN,-0.051564947,10280
201705.0,TH,-1.191023719,45722
201705.0,TW,0.273108534,36927
201705.0,US,-0.92695467,452494
201705.0,VM,-0.156339223,32059
201706.0,AS,-0.908870191,67923
201706.0,BX,0.214761812,617
201706.0,CA,-0.382780445,86525
201706.0,CH,-0.632100825,203549
201706.0,CI,-0.125164274,55896
201706.0,HK,0.086437716,9069
201706.0,ID,-1.811720874,16820
201706.0,JA,-0.61468342,147662
201706.0,KS,-0.412173646,63054
201706.0,MX,-0.896013798,83334
201706.0,MY,-1.122382101,23175
201706.0,NZ,-0.154934176,18609
201706.0,PE,-0.585468746,18408
201706.0,PP,-2.954692284,2776
201706.0,RP,-4.827848633,39145
201706.0,RS,-1.787666556,556774
201706.0,SN,-0.190556667,10263
201706.0,TH,-0.229045513,38560
201706.0,TW,0.327504248,34411
201706.0,US,-0.937385766,442429
201706.0,VM,0.100070123,26468
201707.0,AS,-1.069069491,53068
201707.0,BX,-0.567454365,774
201707.0,CA,-0.316876477,67919
201707.0,CH,-0.603807988,189484
201707.0,CI,-0.355132195,48492
201707.0,HK,0.149931808,8195
201707.0,ID,-1.82829365,17881
201707.0,JA,-0.408254046,130258
201707.0,KS,-0.275718751,60914
201707.0,MX,-1.210039757,72474
201707.0,MY,-0.988626615,19475
201707.0,NZ,-0.371437094,14884
201707.0,PE,-1.252378958,19132
201707.0,PP,-2.130040704,2060
201707.0,RP,-3.267345026,20049
201707.0,RS,-1.696523202,496554
201707.0,SN,-0.08980852,8750
201707.0,TH,-0.548854079,38851
201707.0,TW,-0.121033757,32229
201707.0,US,-1.041868934,412536
201707.0,VM,-0.279667249,29028
201708.0,AS,-0.989442935,56846
201708.0,BX,0.241274857,769
201708.0,CA,-0.457369416,68188
201708.0,CH,-0.79105239,172719
201708.0,CI,-0.870076957,48672
201708.0,HK,-0.712026367,8119
201708.0,ID,-1.589302348,17793
201708.0,JA,-0.581753145,129050
201708.0,KS,-1.173774592,59379
201708.0,MX,-1.321967297,73560
201708.0,MY,-1.611100833,20764
201708.0,NZ,-0.137081388,16272
201708.0,PE,-1.092923159,16616
201708.0,PP,-2.422140216,2593
201708.0,RP,-2.580197472,27981
201708.0,RS,-1.945789802,360946
201708.0,SN,-1.305012565,11522
201708.0,TH,-0.863210436,37021
201708.0,TW,0.046614124,28429
201708.0,US,-1.826883556,459823
201708.0,VM,-0.736283395,25110
201709.0,AS,-0.332691434,52349
201709.0,BX,-0.055958748,716
201709.0,CA,0.05783202,87776
201709.0,CH,-0.3218819,179368
201709.0,CI,-0.495686754,47495
201709.0,HK,-0.310623968,7033
201709.0,ID,-2.432845892,23315
201709.0,JA,-0.26947422,137880
201709.0,KS,-0.667651944,70833
201709.0,MX,-2.193852164,147636
201709.0,MY,-1.487604706,21032
201709.0,NZ,0.096071837,17666
201709.0,PE,-1.005207677,20082
201709.0,PP,-1.813881772,2647
201709.0,RP,-2.812052921,14988
201709.0,RS,-1.681821054,450058
201709.0,SN,-0.082577628,11457
201709.0,TH,-0.655535674,35753
201709.0,TW,0.141559013,31586
201709.0,US,-1.480828189,471278
201709.0,VM,-0.59131402,26471
201710.0,AS,-0.514225055,55795
201710.0,BX,0.652503788,1041
201710.0,CA,-0.430342319,87705
201710.0,CH,-0.00337111,178772
201710.0,CI,-0.298201272,52196
201710.0,HK,0.100584134,8409
201710.0,ID,-2.628791514,21745
201710.0,JA,-0.245529756,164640
201710.0,KS,-0.372438288,60563
201710.0,MX,-1.027442007,86088
201710.0,MY,-1.778286465,26814
201710.0,NZ,0.067360226,20792
201710.0,PE,-0.718286515,21218
201710.0,PP,-3.492957756,3392
201710.0,RP,-2.824004916,23852
201710.0,RS,-1.532489917,488691
201710.0,SN,0.096183488,11450
201710.0,TH,-0.125426287,40714
201710.0,TW,0.43942761,30738
201710.0,US,-1.52043642,492851
201710.0,VM,-1.17207463,29953
201711.0,AS,-0.29093479,64562
201711.0,BX,-0.456988135,1378
201711.0,CA,0.105153253,81046
201711.0,CH,-0.254247169,208812
201711.0,CI,-0.079807232,60021
201711.0,HK,0.27110012,7338
201711.0,ID,-2.739897582,30565
201711.0,JA,-0.522380872,171523
201711.0,KS,-0.571153412,76462
201711.0,MX,-0.859298831,77401
201711.0,MY,-0.719640059,18151
201711.0,NZ,-0.025777594,18525
201711.0,PE,-0.811858376,19442
201711.0,PP,-3.662627884,8806
201711.0,RP,-1.671530558,28400
201711.0,RS,-1.489406163,507613
201711.0,SN,-0.059324886,10603
201711.0,TH,-0.064580404,35488
201711.0,TW,0.318572415,30438
201711.0,US,-1.51434493,477043
201711.0,VM,-0.207002781,48938
201712.0,AS,-0.708011971,61014
201712.0,BX,-0.632026577,1050
201712.0,CA,-0.241493227,74827
201712.0,CH,-0.292569614,168943
201712.0,CI,-0.232363256,52607
201712.0,HK,0.476170861,7238
201712.0,ID,-2.450391209,19710
201712.0,JA,-0.251574435,134846
201712.0,KS,-0.750983536,70707
201712.0,MX,-1.335956981,71254
201712.0,MY,-1.053230241,15839
201712.0,NZ,-0.23899788,14659
201712.0,PE,-1.888754814,26549
201712.0,PP,-2.307444636,2249
201712.0,RP,-4.0803099,24312
201712.0,RS,-1.785038384,481404
201712.0,SN,-0.031106109,7628
201712.0,TH,-0.143633717,37049
201712.0,TW,0.250460237,26477
201712.0,US,-1.298531871,421330
201712.0,VM,-0.064254144,29857
201801.0,AS,-0.565972264,69102
201801.0,BX,-0.524587828,969
201801.0,CA,-0.763670101,83857
201801.0,CH,-0.321469971,199752
201801.0,CI,-1.142628543,76520
201801.0,HK,-0.084562356,8282
201801.0,ID,-2.390722002,18623
201801.0,JA,-0.454772814,145079
201801.0,KS,-0.428814786,95185
201801.0,MX,-0.80665408,84399
201801.0,MY,-0.74292554,17595
201801.0,NZ,0.067799147,19091
201801.0,PE,-2.036317027,29301
201801.0,PP,-2.6051405,2715
201801.0,RP,-3.282502388,17740
201801.0,RS,-1.745374406,443177
201801.0,SN,-0.563037675,8777
201801.0,TH,-0.751204429,43242
201801.0,TW,0.089771241,28960
201801.0,US,-1.10180278,489858
201801.0,VM,-0.229005207,31783
201802.0,AS,-0.704455265,54331
201802.0,BX,0.239610552,621
201802.0,CA,-0.00321962,69654
201802.0,CH,-0.151609338,171260
201802.0,CI,-0.667861387,43616
201802.0,HK,-1.20997871,7011
201802.0,ID,-3.309250402,17701
201802.0,JA,-0.217753469,137926
201802.0,KS,0.022756206,109185
201802.0,MX,-1.292447105,84939
201802.0,MY,-0.609443338,15189
201802.0,NZ,-0.717191267,16278
201802.0,PE,-1.664278818,19867
201802.0,PP,-3.414757148,4635
201802.0,RP,-2.817516961,15988
201802.0,RS,-2.080508658,509627
201802.0,SN,-0.038668083,8528
201802.0,TH,-0.540101664,37105
201802.0,TW,-1.15156475,34666
201802.0,US,-1.27351309,446029
201802.0,VM,0.339970451,22237
201803.0,AS,-0.756856325,71348
201803.0,BX,0.344355218,904
201803.0,CA,-0.307942277,83628
201803.0,CH,-0.436733407,231511
201803.0,CI,0.196191825,60801
201803.0,HK,0.313716248,8016
201803.0,ID,-1.836559835,16799
201803.0,JA,-0.320003484,147484
201803.0,KS,0.020274701,75187
201803.0,MX,-0.975680583,98050
201803.0,MY,-1.523580004,20427
201803.0,NZ,-0.10488043,19904
201803.0,PE,-1.765982663,26867
201803.0,PP,-3.408354907,5862
201803.0,RP,-2.929346501,17680
201803.0,RS,-2.158657744,674737
201803.0,SN,-0.000363383,10388
201803.0,TH,-0.417969389,43403
201803.0,TW,0.127628477,31290
201803.0,US,-1.227393708,499500
201803.0,VM,0.020942699,34417
201804.0,AS,-0.652274783,56204
201804.0,BX,0.016069085,646
201804.0,CA,-1.091645352,95734
201804.0,CH,-0.730556924,227549
201804.0,CI,-0.24963396,51992
201804.0,HK,0.54451505,7115
201804.0,ID,-2.609579349,20008
201804.0,JA,-0.070864432,138691
201804.0,KS,-0.196397318,84645
201804.0,MX,-1.250383238,92303
201804.0,MY,-1.927539774,22513
201804.0,NZ,-0.001025697,15291
201804.0,PE,-1.32700931,25769
201804.0,PP,-1.077860649,2730
201804.0,RP,-1.602454069,15448
201804.0,RS,-2.326515572,580099
201804.0,SN,0.144842417,11208
201804.0,TH,-0.299916707,38789
201804.0,TW,0.114756517,30026
201804.0,US,-1.154909628,437779
201804.0,VM,-0.09534887,29439
201805.0,AS,-0.971640027,60828
201805.0,BX,0.309449867,698
201805.0,CA,-0.244886271,84257
201805.0,CH,-0.375682055,205993
201805.0,CI,-0.53703582,58741
201805.0,HK,0.566708201,8790
201805.0,ID,-4.38682324,27912
201805.0,JA,0.15153695,127524
201805.0,KS,-0.045474686,86221
201805.0,MX,-1.074733468,94436
201805.0,MY,-1.853938936,42755
201805.0,NZ,-0.496171213,16523
201805.0,PE,-0.666219266,18950
201805.0,PP,-1.659825244,2635
201805.0,RP,-1.478763935,15026
201805.0,RS,-1.508965175,540473
201805.0,SN,0.123503452,13403
201805.0,TH,-0.534163043,39386
201805.0,TW,0.100077421,34702
201805.0,US,-1.269578804,462981
201805.0,VM,-0.348446708,31907
201806.0,AS,-0.467000207,52579
201806.0,BX,0.034728941,592
201806.0,CA,-0.305566942,92188
201806.0,CH,-0.675021892,189347
201806.0,CI,-0.483063434,48640
201806.0,HK,0.041432135,8837
201806.0,ID,-2.859918283,21192
201806.0,JA,-0.322493391,129394
201806.0,KS,-0.261341093,72519
201806.0,MX,-1.543176118,124936
201806.0,MY,-1.645085269,21327
201806.0,NZ,0.599981094,16886
201806.0,PE,-0.507030017,20078
201806.0,PP,-2.486248932,2565
201806.0,RP,-0.866524621,15616
201806.0,RS,-0.765239618,693869
201806.0,SN,0.12937567,33360
201806.0,TH,-0.562200284,41270
201806.0,TW,0.240682977,32365
201806.0,US,-1.193456652,422406
201806.0,VM,-0.649362312,28154
201807.0,AS,-0.753280853,53734
201807.0,BX,-1.052741184,586
201807.0,CA,-0.771319015,84353
201807.0,CH,-0.868550461,202031
201807.0,CI,-0.440204699,51665
201807.0,HK,0.110996275,9383
201807.0,ID,-2.550591156,23918
201807.0,JA,-1.132122155,154075
201807.0,KS,-0.386239457,53057
201807.0,MX,-0.977883838,95769
201807.0,MY,-2.164403311,25584
201807.0,NZ,-0.300115247,15813
201807.0,PE,-1.062081062,14712
201807.0,PP,-1.812487448,1968
201807.0,RP,-1.878152982,16191
201807.0,RS,-1.425263534,682190
201807.0,SN,0.391149962,12607
201807.0,TH,-0.486741854,132232
201807.0,TW,-0.036383421,32061
201807.0,US,-1.143373011,391886
201807.0,VM,-0.528723224,27408
201808.0,AS,-0.781178665,63767
201808.0,BX,0.279717691,493
201808.0,CA,-0.329896804,84492
201808.0,CH,-0.941643764,203632
201808.0,CI,-1.038974162,61599
201808.0,HK,-0.134561527,8726
201808.0,ID,-3.069161118,49555
201808.0,JA,0.029904757,129081
201808.0,KS,-0.204084404,53734
201808.0,MX,-0.871774605,90636
201808.0,MY,-1.717134932,24568
201808.0,NZ,-0.099849948,18750
201808.0,PE,-1.392498501,18174
201808.0,PP,-1.624406954,2294
201808.0,RP,-2.21679926,13205
201808.0,RS,-2.178818446,492983
201808.0,SN,-0.054657206,12776
201808.0,TH,-0.2765941,41932
201808.0,TW,-0.110731685,39480
201808.0,US,-1.454247374,453552
201808.0,VM,-0.677310925,39080
201809.0,AS,-0.991216268,50130
201809.0,BX,-0.186537212,554
201809.0,CA,0.173573263,80766
201809.0,CH,-0.951645979,189489
201809.0,CI,-0.863505686,49826
201809.0,HK,-0.276243584,8546
201809.0,ID,-2.969286341,30689
201809.0,JA,-0.634610319,136484
201809.0,KS,0.201132033,49771
201809.0,MX,-1.13527056,75923
201809.0,MY,-1.865267958,20889
201809.0,NZ,-0.780153394,16717
201809.0,PE,-1.21545037,15266
201809.0,PP,-1.263843872,1804
201809.0,RP,-3.768229496,23636
201809.0,RS,-2.091325228,458203
201809.0,SN,0.263123072,10176
201809.0,TH,-0.694689846,37170
201809.0,TW,-0.056437258,32264
201809.0,US,-1.477446764,439279
201809.0,VM,-0.631847372,33614
201810.0,AS,-0.075090361,67163
201810.0,BX,-0.740467425,699
201810.0,CA,0.254057272,84269
201810.0,CH,-0.916303761,173839
201810.0,CI,-0.505637124,51435
201810.0,HK,-0.048268779,9365
201810.0,ID,-3.256616536,67462
201810.0,JA,-0.002139234,133923
201810.0,KS,-0.346332048,51306
201810.0,MX,-1.586292324,100547
201810.0,MY,-1.9015601,20851
201810.0,NZ,0.655805523,27013
201810.0,PE,-1.532470506,19847
201810.0,PP,-1.559524927,3972
201810.0,RP,-1.581395137,13296
201810.0,RS,-1.910430346,416782
201810.0,SN,-0.073541045,11361
201810.0,TH,-0.489770413,39234
201810.0,TW,-0.625336005,37372
201810.0,US,-1.361771156,459474
201810.0,VM,-0.409932903,27607
201811.0,AS,-1.346353464,58523
201811.0,BX,-0.126001789,762
201811.0,CA,-0.029276005,75776
201811.0,CH,-0.801448122,181543
201811.0,CI,-0.053126973,43271
201811.0,HK,-0.082023642,9249
201811.0,ID,-2.386884729,31174
201811.0,JA,-0.2989509,134965
201811.0,KS,-0.313438645,48449
201811.0,MX,-1.936140411,101661
201811.0,MY,-1.441791156,22293
201811.0,NZ,-0.520927263,21881
201811.0,PE,-1.383871485,16387
201811.0,PP,-0.686266337,8215
201811.0,RP,-1.605150792,12767
201811.0,RS,-2.026321886,459853
201811.0,SN,0.081586975,11402
201811.0,TH,-0.315111525,37319
201811.0,TW,0.156497256,33856
201811.0,US,-1.343461033,451048
201811.0,VM,-0.253386168,29729
201812.0,AS,-0.621813776,47462
201812.0,BX,0.104715032,522
201812.0,CA,-0.461630572,63431
201812.0,CH,-1.131556037,178134
201812.0,CI,-0.313352695,40231
201812.0,HK,0.221701616,7428
201812.0,ID,-4.25106324,40850
201812.0,JA,-0.630910088,123766
201812.0,KS,-0.033838239,38744
201812.0,MX,-1.271602612,90062
201812.0,MY,-1.555027077,15995
201812.0,NZ,-0.451719971,16350
201812.0,PE,-0.752465596,13607
201812.0,PP,-1.622014566,1487
201812.0,RP,-2.47786157,12415
201812.0,RS,-1.819549452,423156
201812.0,SN,-0.000857784,7001
201812.0,TH,-0.394919426,36852
201812.0,TW,0.215602583,25225
201812.0,US,-0.990960398,359008
201812.0,VM,-0.397845656,23984
201901.0,AS,-0.684873949,55897
201901.0,BX,-0.98314735,694
201901.0,CA,-0.314120662,68273
201901.0,CH,-1.039530556,210738
201901.0,CI,-0.673601244,45937
201901.0,HK,0.131834592,6919
201901.0,ID,-2.970442165,17504
201901.0,JA,-0.393738061,131029
201901.0,KS,0.074563037,44355
201901.0,MX,-1.87372899,133617
201901.0,MY,-1.036654881,16510
201901.0,NZ,-0.686416331,14834
201901.0,PE,-1.422420778,17721
201901.0,PP,-1.420258326,1565
201901.0,RP,-3.409874323,16629
201901.0,RS,-1.901763074,379462
201901.0,SN,-0.440736596,9065
201901.0,TH,-1.445804502,48929
201901.0,TW,0.174270642,30536
201901.0,US,-1.043556098,375955
201901.0,VM,-0.418343257,26222
201902.0,AS,-1.538245174,51597
201902.0,BX,0.477435274,500
201902.0,CA,-0.026142026,64166
201902.0,CH,-0.491968934,156633
201902.0,CI,-0.835843579,40226
201902.0,HK,-0.114128453,5160
201902.0,ID,-2.597670461,14777
201902.0,JA,0.173365254,112473
201902.0,KS,0.337203077,38994
201902.0,MX,-1.234518857,94752
201902.0,MY,-1.388390753,13622
201902.0,NZ,-0.796423204,15547
201902.0,PE,-0.710146615,12495
201902.0,PP,-2.564424315,2723
201902.0,RP,-2.266460127,12311
201902.0,RS,-1.789709366,371528
201902.0,SN,-0.003619286,10573
201902.0,TH,-0.182657038,34932
201902.0,TW,0.365365476,22296
201902.0,US,-1.023076124,347246
201902.0,VM,0.072033298,31766
201903.0,AS,-1.397951418,57796
201903.0,BX,-2.18936145,1350
201903.0,CA,-0.265564524,74659
201903.0,CH,-0.968686105,173541
201903.0,CI,-0.346671544,42406
201903.0,HK,0.246658907,9139
201903.0,ID,-3.253939256,34032
201903.0,JA,-0.001073347,122466
201903.0,KS,-0.384623682,47391
201903.0,MX,-1.47157796,72805
201903.0,MY,-2.218051976,22013
201903.0,NZ,-4.59777099,83589
201903.0,PE,-1.209023663,15451
201903.0,PP,-2.018924558,1844
201903.0,RP,-2.194037316,13490
201903.0,RS,-1.693892912,390884
201903.0,SN,0.137273145,9824
201903.0,TH,-0.085435556,41902
201903.0,TW,0.365878927,28792
201903.0,US,-1.148978104,371003
201903.0,VM,-0.392756835,30381
201904.0,AS,-1.291736381,49257
201904.0,BX,-3.87627449,1999
201904.0,CA,-0.041817514,67339
201904.0,CH,-0.635852128,164263
201904.0,CI,0.095893144,43448
201904.0,HK,-0.161607982,9425
201904.0,ID,-2.163402906,23118
201904.0,JA,-0.07166472,139885
201904.0,KS,-0.190529503,48488
201904.0,MX,-1.522686974,76406
201904.0,MY,-1.745061609,18472
201904.0,NZ,-3.176001947,30055
201904.0,PE,-2.259831117,20337
201904.0,PP,-0.357760006,1669
201904.0,RP,-2.492134924,17700
201904.0,RS,-1.550950622,401582
201904.0,SN,0.005336614,9551
201904.0,TH,-0.133840615,38347
201904.0,TW,0.156354742,32740
201904.0,US,-1.154010583,380413
201904.0,VM,-0.114942641,26612
201905.0,AS,-1.046246456,56111
201905.0,BX,-3.688409801,1295
201905.0,CA,0.140070268,77239
201905.0,CH,1.168395973,314706
201905.0,CI,-0.179922314,41439
201905.0,HK,0.332288061,7969
201905.0,ID,-3.240139316,19728
201905.0,JA,0.229897568,156595
201905.0,KS,-0.02984162,52723
201905.0,MX,-1.362665072,84301
201905.0,MY,-1.879717673,17372
201905.0,NZ,-1.548100227,22174
201905.0,PE,-1.275546658,16137
201905.0,PP,-2.323743516,2958
201905.0,RP,-1.870347114,14681
201905.0,RS,-1.687014034,397049
201905.0,SN,-0.068386778,8910
201905.0,TH,0.154845125,42586
201905.0,TW,0.492602101,35924
201905.0,US,-1.215046879,393232
201905.0,VM,-0.270048543,30873
201906.0,AS,-0.965055991,48021
201906.0,BX,-0.543818799,669
201906.0,CA,0.058268488,81975
201906.0,CH,2.621331519,344465
201906.0,CI,-0.104018237,51427
201906.0,HK,-2.269174023,12685
201906.0,ID,-1.871247393,14234
201906.0,JA,0.675331955,155043
201906.0,KS,0.325294551,52643
201906.0,MX,-1.531678277,97459
201906.0,MY,-1.501861876,15607
201906.0,NZ,-1.319579035,20429
201906.0,PE,-0.539398039,15720
201906.0,PP,-1.82040304,1888
201906.0,RP,-1.45246197,11145
201906.0,RS,-1.644596054,375674
201906.0,SN,0.014685316,8663
201906.0,TH,-0.209357289,36740
201906.0,TW,-0.44184675,33178
201906.0,US,-1.195120095,369483
201906.0,VM,-0.408941902,26627
201907.0,AS,-0.80787826,55719
201907.0,BX,-0.663595222,951
201907.0,CA,0.057535261,68599
201907.0,CH,2.753271905,350721
201907.0,CI,0.043662375,52900
201907.0,HK,-3.655955983,17033
201907.0,ID,-2.167484541,17862
201907.0,JA,0.400590497,177386
201907.0,KS,-0.078095308,59311
201907.0,MX,-1.69301693,83604
201907.0,MY,-1.08989613,16252
201907.0,NZ,-0.439315086,20160
201907.0,PE,-0.725682502,17614
201907.0,PP,-2.868921021,2540
201907.0,RP,-2.414612407,15798
201907.0,RS,-1.681073019,371679
201907.0,SN,0.067240284,9231
201907.0,TH,-0.216555369,37461
201907.0,TW,0.018700694,34237
201907.0,US,-1.352314457,407815
201907.0,VM,-0.138613653,26958
201908.0,AS,-0.833394824,50365
201908.0,BX,-0.770270308,799
201908.0,CA,0.133005707,68642
201908.0,CH,0.842290493,431766
201908.0,CI,-0.11587896,45824
201908.0,HK,-4.359847902,27797
201908.0,ID,-2.243933154,18464
201908.0,JA,0.225478199,155924
201908.0,KS,-0.011894641,53891
201908.0,MX,-1.654165802,66998
201908.0,MY,-1.582415443,22102
201908.0,NZ,-0.944908329,21645
201908.0,PE,-0.586136614,16864
201908.0,PP,-0.921396243,1697
201908.0,RP,-1.523357493,11472
201908.0,RS,-1.889616501,315380
201908.0,SN,0.240653926,8904
201908.0,TH,-0.555242975,37085
201908.0,TW,-0.239926681,34705
201908.0,US,-1.922918937,385476
201908.0,VM,-0.306622306,27446
201909.0,AS,-0.777828731,48038
201909.0,BX,-0.858707035,818
201909.0,CA,-0.034011528,82993
201909.0,CH,-0.936915756,288772
201909.0,CI,0.034878144,42330
201909.0,HK,-3.528307303,19824
201909.0,ID,-3.112303988,20377
201909.0,JA,-0.220131367,133981
201909.0,KS,-0.387061733,46858
201909.0,MX,-1.147417177,64670
201909.0,MY,-0.982010011,16397
201909.0,NZ,-0.789600516,20390
201909.0,PE,-0.805341504,13019
201909.0,PP,-0.237716606,1160
201909.0,RP,-1.718712205,15005
201909.0,RS,-1.517635395,326096
201909.0,SN,-0.527561403,12287
201909.0,TH,-0.147653431,35143
201909.0,TW,0.22126888,33766
201909.0,US,-1.288532951,393608
201909.0,VM,-0.100979046,25773
201910.0,AS,-0.762997463,53705
201910.0,BX,-0.233919728,777
201910.0,CA,0.17571784,73721
201910.0,CH,-1.180114055,200735
201910.0,CI,-1.928676161,77921
201910.0,HK,-4.180302853,20432
201910.0,ID,-2.326318377,17669
201910.0,JA,-0.40456517,159282
201910.0,KS,-0.292588218,49568
201910.0,MX,-1.224146501,71277
201910.0,MY,-1.09979034,17007
201910.0,NZ,-0.754952284,18581
201910.0,PE,-1.595159455,16017
201910.0,PP,-1.571280912,1405
201910.0,RP,-2.113632081,14051
201910.0,RS,-1.55065805,358932
201910.0,SN,-0.135963181,9714
201910.0,TH,-0.322130664,35460
201910.0,TW,-0.082142486,30850
201910.0,US,-1.254826389,368848
201910.0,VM,0.495430945,30544
201911.0,AS,-1.52132333,59290
201911.0,BX,-0.49281988,898
201911.0,CA,0.269110898,59539
201911.0,CH,-0.345510427,324522
201911.0,CI,-1.574248044,70566
201911.0,HK,-3.932973078,32877
201911.0,ID,-1.676195009,12978
201911.0,JA,0.069967358,132421
201911.0,KS,-0.11205204,60728
201911.0,MX,-1.804840799,80588
201911.0,MY,-1.074825369,18540
201911.0,NZ,-0.69879959,22334
201911.0,PE,-0.716454236,15027
201911.0,PP,-0.726567183,1757
201911.0,RP,-1.200039114,13849
201911.0,RS,-1.388870751,323521
201911.0,SN,-0.065686652,9385
201911.0,TH,-0.282218458,42851
201911.0,TW,0.519687225,45801
201911.0,US,-0.889093866,347765
201911.0,VM,0.388556999,52909
201912.0,AS,-1.563976529,60584
201912.0,BX,-0.979741761,914
201912.0,CA,0.222165409,55278
201912.0,CH,-0.046413141,293666
201912.0,CI,-1.072760432,62532
201912.0,HK,-1.916434847,18823
201912.0,ID,-1.846134391,15046
201912.0,JA,-0.00592242,118735
201912.0,KS,0.062561827,62422
201912.0,MX,-0.828563893,66435
201912.0,MY,-1.373957031,19520
201912.0,NZ,-2.490935162,30873
201912.0,PE,-0.754455699,12214
201912.0,PP,-1.324521802,3398
201912.0,RP,-2.812606405,20392
201912.0,RS,-1.713540028,357570
201912.0,SN,0.132617929,8845
201912.0,TH,-0.356219303,37411
201912.0,TW,0.598363928,43032
201912.0,US,-1.118677733,329100
201912.0,VM,0.087502096,40443
202001.0,AS,-2.257574461,105283
202001.0,BX,0.145446344,610
202001.0,CA,-0.224406103,77976
202001.0,CH,-1.97420364,402949
202001.0,CI,-0.259791591,41120
202001.0,HK,-1.326827222,9586
202001.0,ID,-3.175199695,17177
202001.0,JA,-0.248484316,126979
202001.0,KS,0.242937326,54396
202001.0,MX,-0.99039705,64990
202001.0,MY,-1.373535731,15044
202001.0,NZ,-1.095377464,17267
202001.0,PE,-1.229794752,12337
202001.0,PP,-0.827645679,923
202001.0,RP,-3.25491424,18493
202001.0,RS,-1.825709085,307420
202001.0,SN,-0.730870697,8559
202001.0,TH,-1.222060346,41148
202001.0,TW,0.003052263,38689
202001.0,US,-1.291088774,362572
202001.0,VM,0.127784473,26487
202002.0,AS,-1.114452541,49417
202002.0,BX,-0.123809234,469
202002.0,CA,0.030734131,61115
202002.0,CH,-3.028283506,455228
202002.0,CI,-0.411393184,35045
202002.0,HK,-1.749222161,8366
202002.0,ID,-1.639840701,11232
202002.0,JA,-1.346687727,149210
202002.0,KS,-0.995883263,67974
202002.0,MX,-1.13588876,56630
202002.0,MY,-1.407315618,18686
202002.0,NZ,-0.873419412,18312
202002.0,PE,-0.805692613,9772
202002.0,PP,-1.330337641,1466
202002.0,RP,-1.881988685,12513
202002.0,RS,-2.040606564,282569
202002.0,SN,-1.156163658,9432
202002.0,TH,-2.168444072,45626
202002.0,TW,-0.871192389,25664
202002.0,US,-0.91911176,321650
202002.0,VM,-0.757970495,19898
202003.0,AS,-1.09222965,67133
202003.0,BX,-0.818676624,580
202003.0,CA,-0.467005615,61965
202003.0,CH,-2.86834107,374251
202003.0,CI,-1.225724397,47301
202003.0,HK,-1.300677541,9352
202003.0,ID,-2.395525925,13349
202003.0,JA,-1.486049198,169368
202003.0,KS,-2.199034427,75736
202003.0,MX,-1.421109922,52383
202003.0,MY,-1.758363381,17302
202003.0,NZ,-1.871776396,20395
202003.0,PE,-1.280198708,13321
202003.0,PP,-1.480701115,1105
202003.0,RP,-2.65164221,14370
202003.0,RS,-2.342805973,282237
202003.0,SN,-1.847253822,10606
202003.0,TH,-1.503162701,38264
202003.0,TW,-0.412745459,26856
202003.0,US,-1.573987633,371721
202003.0,VM,-0.673236969,22075
202004.0,AS,-1.090486837,47809
202004.0,BX,-0.748713938,576
202004.0,CA,-1.210522551,59588
202004.0,CH,-2.631617352,288337
202004.0,CI,-0.787491441,40193
202004.0,HK,-0.890542948,8188
202004.0,ID,-2.775206771,13616
202004.0,JA,-1.355399355,116789
202004.0,KS,-1.326793594,59078
202004.0,MX,-1.471351593,47139
202004.0,MY,-1.931954012,15058
202004.0,NZ,-1.069139567,18204
202004.0,PE,-2.120850285,12253
202004.0,PP,-1.449744798,1086
202004.0,RP,-2.020844405,12497
202004.0,RS,-2.419622206,258464
202004.0,SN,-1.553140445,12023
202004.0,TH,-1.189601186,30518
202004.0,TW,-0.35974466,27437
202004.0,US,-1.835569055,375287
202004.0,VM,-0.904229907,24361
202005.0,AS,-0.868083511,43040
202005.0,BX,-0.67045964,527
202005.0,CA,-0.472081594,53286
202005.0,CH,-2.245055503,270429
202005.0,CI,-0.905717995,42819
202005.0,HK,-1.823886388,13377
202005.0,ID,-2.278267573,12311
202005.0,JA,-1.091112002,109453
202005.0,KS,-1.078479609,55759
202005.0,MX,-1.522436539,44240
202005.0,MY,-1.925938444,12584
202005.0,NZ,-0.696122259,19797
202005.0,PE,-1.396689991,13769
202005.0,PP,-1.704113294,942
202005.0,RP,-1.736179889,13917
202005.0,RS,-2.343738424,276546
202005.0,SN,-1.464525985,9805
202005.0,TH,-0.644850625,27471
202005.0,TW,-0.269137807,31594
202005.0,US,-1.931701074,363127
202005.0,VM,-0.587304019,22488
202006.0,AS,-1.048597078,40676
202006.0,BX,-0.673534793,494
202006.0,CA,-0.43297068,48742
202006.0,CH,-2.040192765,196994
202006.0,CI,-0.944000379,41455
202006.0,HK,-0.460380879,11795
202006.0,ID,-2.271303466,11238
202006.0,JA,-0.681657123,92238
202006.0,KS,-1.125248946,48204
202006.0,MX,-2.15178302,54366
202006.0,MY,-1.219395744,11122
202006.0,NZ,-1.108362204,19905
202006.0,PE,-1.884630979,12294
202006.0,PP,-2.037404838,1103
202006.0,RP,-2.218159806,11749
202006.0,RS,-2.123041413,259967
202006.0,SN,-0.604648887,8946
202006.0,TH,-0.573851763,28613
202006.0,TW,-0.056181733,26997
202006.0,US,-2.581108755,408327
202006.0,VM,-0.583819096,22450
202007.0,AS,-1.374802655,47566
202007.0,BX,-1.268221192,753
202007.0,CA,-0.338029283,51582
202007.0,CH,-1.892756245,196699
202007.0,CI,-0.397228028,42799
202007.0,HK,-1.252803287,13774
202007.0,ID,-2.398263499,12141
202007.0,JA,-0.863630819,103632
202007.0,KS,-0.939828515,46335
202007.0,MX,-1.669387671,51447
202007.0,MY,-2.024837662,14420
202007.0,NZ,-0.938896153,15710
202007.0,PE,-1.488473858,12486
202007.0,PP,-2.959958212,1888
202007.0,RP,-1.827555115,11758
202007.0,RS,-1.976680133,260242
202007.0,SN,-0.776403015,9052
202007.0,TH,-0.515382375,31159
202007.0,TW,-0.034363274,30138
202007.0,US,-1.801915668,357944
202007.0,VM,-0.524716771,23741
202008.0,AS,-0.892556486,42407
202008.0,BX,-0.530831882,685
202008.0,CA,-0.166510177,52417
202008.0,CH,-1.323211734,178773
202008.0,CI,0.006591655,36861
202008.0,HK,-0.787996423,12739
202008.0,ID,-1.97608831,10409
202008.0,JA,-0.816562624,92457
202008.0,KS,-0.741131075,42634
202008.0,MX,-1.773868275,47296
202008.0,MY,-1.721702425,11247
202008.0,NZ,-2.431297244,24518
202008.0,PE,-1.607359023,13595
202008.0,PP,-1.870770118,1485
202008.0,RP,-2.74029116,12371
202008.0,RS,-2.07521758,262749
202008.0,SN,-0.529934128,7400
202008.0,TH,-0.803747599,28850
202008.0,TW,-0.134518641,32466
202008.0,US,-1.606126451,321672
202008.0,VM,-0.372396793,23623
202009.0,AS,-1.040492111,42659
202009.0,BX,-0.755641734,683
202009.0,CA,0.164424776,51083
202009.0,CH,-1.042769294,182802
202009.0,CI,-0.25276537,36983
202009.0,HK,-0.627928532,9359
202009.0,ID,-0.736874191,12714
202009.0,JA,-0.282133129,93167
202009.0,KS,-0.027568852,53305
202009.0,MX,-1.426387082,40250
202009.0,MY,-1.287748017,11767
202009.0,NZ,-0.727760268,15253
202009.0,PE,-1.588447235,11765
202009.0,PP,-1.694127112,868
202009.0,RP,-1.655739736,11226
202009.0,RS,-2.220715625,255118
202009.0,SN,-0.130017391,7158
202009.0,TH,-0.915949092,27715
202009.0,TW,-0.002981669,28447
202009.0,US,-1.513368169,302576
202009.0,VM,-0.463438878,22119
202010.0,AS,-0.766914592,25009
202010.0,BX,-3.697543271,943
202010.0,CA,0.070858406,27431
202010.0,CH,-0.446531863,127972
202010.0,CI,-0.31957608,20452
202010.0,HK,-0.420899316,4815
202010.0,ID,-0.747330124,9190
202010.0,JA,-0.3040193,60394
202010.0,KS,0.465454434,44018
202010.0,MX,-1.346939113,27629
202010.0,MY,-1.739368307,9077
202010.0,NZ,0.018820555,10137
202010.0,PE,-0.840266725,5615
202010.0,PP,-1.357496986,625
202010.0,RP,-1.785833845,7903
202010.0,RS,-2.343489901,177810
202010.0,SN,-0.04419864,5056
202010.0,TH,-1.911470664,19767
202010.0,TW,-0.055488763,19887
202010.0,US,-1.365018406,215308
202010.0,VM,-0.90673424,13541
202011.0,AS,-1.023653447,25078
202011.0,BX,-3.089766944,604
202011.0,CA,-0.227687795,28025
202011.0,CH,-0.888172574,91445
202011.0,CI,0.194979309,20424
202011.0,HK,-0.690495968,4590
202011.0,ID,-2.363742169,8069
202011.0,JA,-0.221165612,57967
202011.0,KS,-0.328150218,24098
202011.0,MX,-0.988711437,24840
202011.0,MY,-0.868404632,8609
202011.0,NZ,-0.687800746,9722
202011.0,PE,-2.420828867,7340
202011.0,PP,-1.420868063,574
202011.0,RP,-2.132030254,7478
202011.0,RS,-1.503187298,155567
202011.0,SN,-0.591242179,4596
202011.0,TH,-0.920968972,18949
202011.0,TW,0.164364539,15241
202011.0,US,-0.989296387,235968
202011.0,VM,-0.02839691,11139
202012.0,AS,-0.590801748,37138
202012.0,BX,-0.812046069,793
202012.0,CA,-0.014516945,46006
202012.0,CH,-1.008031943,177651
202012.0,CI,-0.194433528,39360
202012.0,HK,-0.904787786,7000
202012.0,ID,-1.608025407,11082
202012.0,JA,-0.19670591,107025
202012.0,KS,-0.343297999,45731
202012.0,MX,-0.622018159,40447
202012.0,MY,-0.982320359,9940
202012.0,NZ,-0.677993357,13182
202012.0,PE,-1.147836811,9095
202012.0,PP,-1.034209825,898
202012.0,RP,-1.269741693,7656
202012.0,RS,-1.66813377,268752
202012.0,SN,-0.164135681,7883
202012.0,TH,-0.475254424,27315
202012.0,TW,0.06129008,25438
202012.0,US,-0.987355419,305054
202012.0,VM,-0.09573394,19099
202101.0,AS,-0.601187783,34931
202101.0,BX,-0.686932883,585
202101.0,CA,-0.071598374,45951
202101.0,CH,-1.460645878,182561
202101.0,CI,-0.166064403,34959
202101.0,HK,-0.619528989,6391
202101.0,ID,-2.844092505,28707
202101.0,JA,-0.715613751,90910
202101.0,KS,-0.366042639,39770
202101.0,MX,-1.13980534,46039
202101.0,MY,-1.601840686,10937
202101.0,NZ,-1.120695948,11735
202101.0,PE,-1.384715619,8449
202101.0,PP,-1.102510983,641
202101.0,RP,-1.296699212,8042
202101.0,RS,-1.926546166,251467
202101.0,SN,-0.327271833,6023
202101.0,TH,-0.603611583,24224
202101.0,TW,-0.469123068,26188
202101.0,US,-1.588564607,385120
202101.0,VM,-0.190873983,18657
202102.0,AS,-0.868899468,45892
202102.0,BX,-0.348475868,453
202102.0,CA,0.169609421,47058
202102.0,CH,-0.961427692,139477
202102.0,CI,-0.122827619,31517
202102.0,HK,-0.240066257,5144
202102.0,ID,-1.761296492,10968
202102.0,JA,-0.444670214,92739
202102.0,KS,-0.145304984,31595
202102.0,MX,-1.082313416,42386
202102.0,MY,-1.316735932,9238
202102.0,NZ,-0.916925414,14133
202102.0,PE,-1.466884289,8220
202102.0,PP,-0.496233225,1035
202102.0,RP,-1.100901118,7117
202102.0,RS,-1.871696107,246340
202102.0,SN,-0.717994701,6015
202102.0,TH,-0.895624929,23710
202102.0,TW,-0.184624822,20014
202102.0,US,-1.303610769,284266
202102.0,VM,-0.174779688,15459
202103.0,AS,-1.066943449,40655
202103.0,BX,-0.079209466,567
202103.0,CA,0.031505155,49889
202103.0,CH,-1.284508278,154479
202103.0,CI,-0.105859732,37743
202103.0,HK,0.079137881,8499
202103.0,ID,-2.779503113,13510
202103.0,JA,-0.465533188,111955
202103.0,KS,-0.287234549,35326
202103.0,MX,-1.299512093,50959
202103.0,MY,-1.46358481,10586
202103.0,NZ,-1.000802068,15019
202103.0,PE,-1.259880666,8246
202103.0,PP,-2.088769366,1607
202103.0,RP,-1.522996147,10606
202103.0,RS,-1.679277312,243560
202103.0,SN,-0.180562501,6739
202103.0,TH,-1.194048721,29394
202103.0,TW,-0.362642999,27664
202103.0,US,-1.104044686,288366
202103.0,VM,-0.080171141,19505
202104.0,AS,-0.29805458,33157
202104.0,BX,-0.31907028,684
202104.0,CA,0.028476894,45054
202104.0,CH,-0.826725603,125665
202104.0,CI,-0.179600798,37434
202104.0,HK,-0.078335132,6254
202104.0,ID,-3.11858232,17042
202104.0,JA,-0.450179793,102178
202104.0,KS,0.099905264,34110
202104.0,MX,-0.934715489,39068
202104.0,MY,-0.719849977,8646
202104.0,NZ,-0.430304548,11800
202104.0,PE,-1.394522173,9950
202104.0,PP,-1.702353694,1655
202104.0,RP,-1.962672443,9164
202104.0,RS,-2.116116215,275023
202104.0,SN,-0.145947047,6419
202104.0,TH,-0.936281235,25327
202104.0,TW,-1.134823454,29709
202104.0,US,-1.234925413,267935
202104.0,VM,-0.035023458,17386
202105.0,AS,-0.589181825,33050
202105.0,BX,-0.023223543,516
202105.0,CA,0.035285031,45266
202105.0,CH,-1.270009037,153134
202105.0,CI,0.092104331,36542
202105.0,HK,0.059225472,6096
202105.0,ID,-1.863348052,9488
202105.0,JA,-0.38766539,95230
202105.0,KS,0.199472313,31544
202105.0,MX,-1.315148939,43745
202105.0,MY,-1.770635301,10028
202105.0,NZ,-0.672439159,11690
202105.0,PE,-1.203334013,9235
202105.0,PP,-0.635092561,596
202105.0,RP,-1.201194521,7846
202105.0,RS,-1.696787372,230822
202105.0,SN,-0.466657127,6728
202105.0,TH,-0.957814443,26368
202105.0,TW,-0.599558158,25684
202105.0,US,-1.004302523,263361
202105.0,VM,-0.350192242,17844