Id,Label,Lng,Lat
Afghanistan,AF,67.709953,33.93911
Albania,AL,20.168331,41.153332
Algeria,DZ,1.659626,28.033886
American Samoa,AS,-170.132217,-14.270972
Andorra,AD,1.601554,42.546245
Angola,AO,17.873887,-11.202692
Anguilla,AI,-63.068615,18.220554
Antarctica,AQ,-0.071389,-75.250973
Antigua and Barbuda,AG,-61.796428,17.060816
Argentina,AR,-63.616672,-38.416097
Armenia,AM,45.038189,40.069099
Aruba,AA,-69.968338,12.52111
Australia,AU,133.775136,-25.274398
Austria,AT,14.550072,47.516231
Azerbaijan,AZ,47.576927,40.143105
Bahamas,BF,-77.39628,25.03428
Bahrain,BH,50.637772,25.930414
Bangladesh,BD,90.356331,23.684994
Barbados,BB,-59.543198,13.193887
Belarus,BY,27.953389,53.709807
Belgium,BE,4.469936,50.503887
Belize,BZ,-88.49765,17.189877
Benin,BJ,2.315834,9.30769
Bermuda,BM,-64.75737,32.321384
Bhutan,BT,90.433601,27.514162
Bolivia,BO,-63.588653,-16.290154
"Bonaire, Saint Eustatius and Saba",BES,-68.238534,12.178361
Bosnia Herzegovina,BA,17.679076,43.915886
Botswana,BW,24.684866,-22.328474
Bouvet Island,BV,3.413194,-54.423199
Br. Indian Ocean Terr.,IO,71.876519,-6.343194
Br. Virgin Isds,BVI,-64.639968,18.420695
Brazil,BR,-51.92528,-14.235004
Brunei Darussalam,BN,114.727669,4.535277
Bulgaria,BG,25.48583,42.733883
Burkina Faso,BF,-1.561593,12.238333
Burundi,BI,29.918886,-3.373056
Cabo Verde,CV,-24.013197,16.002082
Cambodia,CB,104.990963,12.565679
Cameroon,CM,12.354722,7.369722
Canada,CA,-106.346771,56.130366
Cayman Isds,KY,-80.566956,19.513469
Central African Rep.,CF,20.939444,6.611111
Chad,TD,18.732207,15.454166
Chile,CL,-71.542969,-35.675147
China,CN,104.195397,35.86166
"China, Hong Kong SAR",HK,114.109497,22.396428
"China, Macao SAR",MO,113.543873,22.198745
Christmas Isds,CX,105.690449,-10.447525
Cocos Isds,CC,96.870956,-12.164165
Colombia,CO,-74.297333,4.570868
Comoros,KM,43.872219,-11.875001
Congo,CG,15.28318,-4.26613
Cook Isds,CK,-159.777671,-21.236736
Costa Rica,CR,-83.753428,9.748917
Cote d'Ivoire,CI,-5.54708,7.539989
Croatia,HR,15.2,45.1
Cuba,CU,-77.781167,21.521757
Curacao,CW,-68.99002,12.16957
Cyprus,CY,33.429859,35.126413
Czech Rep.,CZ,15.472962,49.817492
Dem. People's Rep. of Korea,KP,127.510093,40.339852
Dem.Rep. of the Congo,CD,21.758664,-4.038333
Denmark,DK,9.501785,56.26392
Djibouti,DJ,42.590275,11.825138
Dominica,DM,-61.370976,15.414999
Dominican Rep.,DO,-70.162651,18.735693
Ecuador,EC,-78.183406,-1.831239
Egypt,EG,30.802498,26.820553
El Salvador,SV,-88.89653,13.794185
Equatorial Guinea,GQ,10.267895,1.650801
Eritrea,ER,39.782334,15.179384
Estonia,EE,25.013607,58.595272
Ethiopia,ET,40.489673,9.145
EU,EU,4.34878,50.85045
Faeroe Isds,FO,-6.911806,61.892635
Falkland Isds (Malvinas),FK,-59.523613,-51.796253
Fiji,FJ,179.414413,-16.578193
Finland,FI,25.748151,61.92411
Fr. South Antarctic Terr.,TF,69.348557,-49.280366
France,FR,2.213749,46.227638
French Polynesia,PF,-149.406843,-17.679742
FS Micronesia,FM,140.52,9.766
Gabon,GA,11.609444,-0.803689
Gambia,GM,-15.310139,13.443182
Georgia,GE,43.356892,42.315407
Germany,DE,10.451526,51.165691
Ghana,GH,-1.023194,7.946527
Gibraltar,GI,-5.345374,36.137741
Greece,GR,21.824312,39.074208
Greenland,GL,-42.604303,71.706936
Grenada,GD,-61.604171,12.262776
Guam,GU,144.793731,13.444304
Guatemala,GT,-90.230759,15.783471
Guinea,GN,-9.696645,9.945587
Guinea-Bissau,GW,-15.180413,11.803749
Guyana,GY,-58.93018,4.860416
Haiti,HT,-72.285215,18.971187
Heard Island and McDonald Islands,HM,73.504158,-53.08181
Holy See (Vatican City State),VA,12.45414,41.90268
Honduras,HN,-86.241905,15.199999
Hungary,HU,19.503304,47.162494
Iceland,IS,-19.020835,64.963051
India,IN,78.96288,20.593684
Indonesia,ID,113.921327,-0.789275
Iran,IR,53.688046,32.427908
Iraq,IQ,43.679291,33.223191
Ireland,IE,-8.24389,53.41291
Israel,IL,34.851612,31.046051
Italy,IT,12.56738,41.87194
Jamaica,JM,-77.297508,18.109581
Japan,JP,138.252924,36.204824
Jordan,JO,36.238414,30.585164
Kazakhstan,KZ,66.923684,48.019573
Kenya,KE,37.906193,-0.023559
Kiribati,KI,-168.734039,-3.370417
Kuwait,KW,47.481766,29.31166
Kyrgyzstan,KG,74.766098,41.20438
Lao People's Dem. Rep.,LA,102.495496,19.85627
Latvia,LV,24.603189,56.879635
Lebanon,LB,35.862285,33.854721
Lesotho,LS,28.233608,-29.609988
Liberia,LR,-9.429499,6.428055
Libya,LY,17.228331,26.3351
Lithuania,LT,23.881275,55.169438
Luxembourg,LU,6.129583,49.815273
Madagascar,MG,46.869107,-18.766947
Malawi,MW,34.301525,-13.254308
Malaysia,MY,101.975766,4.210484
Maldives,MV,73.22068,3.202778
Mali,ML,-3.996166,17.570692
Malta,MT,14.375416,35.937496
Marshall Isds,MH,171.184478,7.131474
Mauritania,MR,-10.940835,21.00789
Mauritius,MU,57.552152,-20.348404
Mexico,MX,-102.552784,23.634501
Mongolia,MN,103.846656,46.862496
Montenegro,ME,19.37439,42.708678
Montserrat,MS,-62.187366,16.742498
Morocco,MA,-7.09262,31.791702
Mozambique,MZ,35.529562,-18.665695
Myanmar,MM,95.956223,21.913965
N. Mariana Isds,MP,145.38469,17.33083
Namibia,NA,18.49041,-22.95764
Nauru,NR,166.931503,-0.522778
Nepal,NP,84.124008,28.394857
Netherlands,NL,5.291266,52.132633
New Caledonia,NC,165.618042,-20.904305
New Zealand,NZ,174.885971,-40.900557
Nicaragua,NI,-85.207229,12.865416
Niger,NE,8.081666,17.607789
Nigeria,NG,8.675277,9.081999
Niue,NU,-169.867233,-19.054445
Norfolk Isds,NF,167.954712,-29.040835
Norway,NO,8.468946,60.472024
Oman,OM,55.923255,21.512583
Pakistan,PK,69.345116,30.375321
Palau,PW,134.58252,7.51498
Panama,PA,-80.782127,8.537981
Papua New Guinea,PG,143.95555,-6.314993
Paraguay,PY,-58.443832,-23.442503
Peru,PE,-75.015152,-9.189967
Philippines,PH,121.774017,12.879721
Pitcairn,PN,-127.439308,-24.703615
Poland,PL,19.145136,51.919438
Portugal,PT,-8.224454,39.399872
Qatar,QA,51.183884,25.354826
Rep. of Korea,KR,127.766922,35.907757
Rep. of Moldova,MD,28.369885,47.411631
Romania,RO,24.96676,45.943161
Russian Federation,RU,105.318756,61.52401
Rwanda,RW,29.873888,-1.940278
Saint Helena,SH,-10.030696,-24.143474
Saint Kitts and Nevis,KN,-62.782998,17.357822
Saint Lucia,LC,-60.978893,13.909444
Saint Pierre and Miquelon,PM,-56.27111,46.941936
Saint Vincent and the Grenadines,VC,-61.287228,12.984305
Saint-Barth?emy,BL,5.40241,43.33105
Samoa,WS,-172.104629,-13.759029
San Marino,SM,12.457777,43.94236
Sao Tome and Principe,ST,6.613081,0.18636
Saudi Arabia,SA,45.079162,23.885942
Senegal,SN,-14.452362,14.497401
Serbia,RS,21.005859,44.016521
Seychelles,SC,55.491977,-4.679574
Sierra Leone,SL,-11.779889,8.460555
Singapore,SG,103.819836,1.352083
Sint Maarten (Dutch part),SX,4.74583,52.7725
Slovakia,SK,19.699024,48.669026
Slovenia,SI,14.995463,46.151241
Solomon Isds,SB,160.156194,-9.64571
Somalia,SO,46.199616,5.152149
South Africa,ZA,22.937506,-30.559482
South Georgia and the South Sandwich Islands,GS,-36.587909,-54.429579
South Sudan,SS,31.306978,6.876991
Spain,ES,-3.74922,40.463667
Sri Lanka,LK,80.771797,7.873054
State of Palestine,PS,35.233154,31.952162
Sudan,SD,30.217636,12.862807
Suriname,SR,-56.027783,3.919305
Swaziland,SZ,31.465866,-26.522503
Sweden,SE,18.643501,60.128161
Switzerland,CH,8.227512,46.818188
Syria,SY,38.996815,34.802075
Tajikistan,TJ,71.276093,38.861034
TFYR of Macedonia,MK,41.608635,21.745275
Thailand,TH,100.992541,15.870032
Timor-Leste,TL,125.727539,-8.874217
Togo,TG,0.824782,8.619543
Tokelau,TK,-171.855881,-8.967363
Tonga,TO,-175.198242,-21.178986
Trinidad and Tobago,TT,-61.222503,10.691803
Tunisia,TN,9.537499,33.886917
Turkey,TR,35.243322,38.963745
Turkmenistan,TM,59.556278,38.969719
Turks and Caicos Isds,TC,-71.797928,21.694025
Tuvalu,TV,177.64933,-7.109535
Uganda,UG,32.290275,1.373333
Ukraine,UA,31.16558,48.379433
United Arab Emirates,AE,53.847818,23.424076
United Kingdom,UK,-3.435973,55.378051
United Rep. of Tanzania,TZ,34.888822,-6.369028
United States Minor Outlying Islands,UM,166.647047,19.282319
United States of America,US,-95.712891,37.09024
Uruguay,UY,-55.765835,-32.522779
Uzbekistan,UZ,64.585262,41.377491
Vanuatu,VU,166.959158,-15.376706
Venezuela,VE,-66.58973,6.42375
Viet Nam,VN,108.277199,14.058324
Wallis and Futuna Isds,WF,-177.156097,-13.768752
Western Sahara,EH,-12.885834,24.215527
Yemen,YE,48.516388,15.552727
Zambia,ZM,27.849332,-13.133897
Zimbabwe,ZW,29.154857,-19.015438
